"Reference","Value","Datasheet","Footprint","Description","Manufacturer","ManufacturerPN","VendorPN","VendorURL","Vendor"
"U8","TLV9002SIDGSR","https://www.ti.com/general/docs/suppproductinfo.tsp?distId=10&gotoUrl=https%3A%2F%2Fwww.ti.com%2Flit%2Fgpn%2FTLV9002","Texas_Instruments:TLV9002SIDGSR","IC OPAMP GP 2 CIRCUIT 10VSSOP","Texas Instruments","TLV9002SIDGSR","296-53198-1-ND","https://www.digikey.com/en/products/detail/texas-instruments/TLV9002SIDGSR/9861460?s=N4IgTCBcDa4JwDYC0BWAzARjgDiRpAcgCIgC6AvkA","Digikey"
"U7","INA286","https://www.ti.com/general/docs/suppproductinfo.tsp?distId=10&gotoUrl=https%3A%2F%2Fwww.ti.com%2Flit%2Fgpn%2Fina286","Texas_Instruments:INA28x_8SOIC","IC CURRENT MONITOR 0.4% 8SOIC","Texas Instruments","INA286AIDR","296-43593-1-ND","https://www.digikey.com/en/products/detail/texas-instruments/INA286AIDR/3902424?s=N4IgTCBcDa4JwDYC0AWAzAVjmpBGJAcgCIgC6AvkA","Digikey"
"U6","SN65LVDS2DBVR","SN65LVDS2DBVR","Texas_Instruments:DBV5","IC TRANSCEIVER 0/1 SOT235","Texas Instruments","SN65LVDS2DBVR","296-6920-1-ND","https://www.digikey.com/en/products/detail/texas-instruments/SN65LVDS2DBVR/371649?s=N4IgTCBcDa4JwDYC0C5gAxIIxIHIBEQBdAXyA","Digikey"
"U5","LT3080EST-PBF","https://www.analog.com/media/en/technical-documentation/data-sheets/lt3080.pdf","Analog_Devices:SOT-3_ST_LIT","IC REG LIN POS ADJ 1.1A SOT223-3","Analog Devices Inc.","LT3080EST#PBF","505-LT3080EST#PBF-ND","https://www.digikey.com/en/products/detail/analog-devices-inc/LT3080EST-PBF/1768179?s=N4IgTCBcDaIKwAY4FoAyAVAzAgHAgogMroDEACgEIBiyAcgCIgC6AvkA","Digikey"
"U4","AD590JRZ-RL","https://www.analog.com/media/en/technical-documentation/data-sheets/AD590.pdf","Analog_Devices:R_8_ADI","SENSOR ANALOG -55C-150C 8SOIC","Analog Devices Inc.","AD590JRZ-RL","AD590JRZ-RL-ND","https://www.digikey.com/en/products/detail/analog-devices-inc/AD590JRZ-RL/994564?s=N4IgTCBcDaIIIBECsBOADAKQEoC0C0WAMngHIIgC6AvkA","Digikey"
"U3,U9","LTC2050HVCS5-TRMPBF","LTC2050HVCS5-TRMPBF","Analog_Devices:S_5_ADI","IC OPAMP ZER-DRIFT 1CIR TSOT23-5","Analog Devices Inc.","LTC2050HVCS5#TRMPBF","505-LTC2050HVCS5#TRMPBFCT-ND","https://www.digikey.com/en/products/detail/analog-devices-inc/LTC2050HVCS5-TRMPBF/1115943?s=N4IgTCBcDaIDIBUDCYAMBWVAJAakgyugLQIBKAsgAoBCAYiALoC%2BQA,https://www.digikey.com/en/products/detail/analog-devices-inc/LTC2050HVCS5-TRMPBF/1115943?s=N4IgTCBcDaIKwAY4FoAyAVAwmJCASAapgMpwDE6ASgLIAKAQgGKbrIByAIiALoC%2BQA","Digikey"
"U2","PDQ10-Q24-S5-D","https://belfuse.com/media/datasheets/products/power-supplies/PDQ10-D.pdf","CUI:CONV_PDQ10-Q24-S3-D","DC DC CONVERTER 5V 10W","CUI Inc.","PDQ10-Q24-S5-D","102-3865-ND","https://www.digikey.com/en/products/detail/cui-inc/PDQ10-Q24-S5-D/6165206?s=N4IgTCBcDaIIwAYwFoDMAOAbAVmQOQBEQBdAXyA","Digikey"
"U1","VHB75W-Q24-S12","https://belfuse.com/media/datasheets/products/power-supplies/VHB75W.pdf","Advanced_Energy:CONV_VHB75W-Q24-S12","DC DC CONVERTER 12V 75W","Bel Power Solutions","VHB75W-Q24-S12","179-VHB75W-Q24-S12-ND","https://www.digikey.com/en/products/detail/bel-power-solutions/VHB75W-Q24-S12/2162710?s=N4IgTCBcDaIIwHYCcBaAagCQEIIKwHUUBFMAFhQGU4wUA5AERAF0BfIA","Digikey"
"R34","150","~","Resistor_SMD:R_0603_1608Metric","RES 150 OHM 1% 1/4W 0603","TE Connectivity Passive Product","CRGP0603F150R","A130406CT-ND","https://www.digikey.com/en/products/detail/te-connectivity-passive-product/CRGP0603F150R/8577008","Digikey"
"R30","25k","~","Resistor_SMD:R_0603_1608Metric","RES SMD 25K OHM 0.05% 0.15W 0603","Vishay Dale Thin Film","PLT0603Z2502AST5","PLT0603-25KACT-ND","https://www.digikey.com/en/products/detail/vishay-dale-thin-film/PLT0603Z2502AST5/2120346","Digikey"
"R21,R29,R33","100k","~","Resistor_SMD:R_0603_1608Metric","RES 100K OHM 1% 1/10W 0603","Stackpole Electronics Inc","RMCF0603FT100K","RMCF0603FT100KCT-ND","https://www.digikey.com/en/products/detail/stackpole-electronics-inc/RMCF0603FT100K/1761112","Digikey"
"R19","0.005","https://www.ohmite.com/assets/images/res-lvt.pdf","Resistor_SMD:R_1206_3216Metric","RES 0.005 OHM 1% 1W 1206","Ohmite","LVT12R0050FER","273-LVT12R0050FERCT-ND","","Digikey"
"R18","330k","~","Resistor_SMD:R_0603_1608Metric","RES 330K OHM 5% 1/10W 0603","Stackpole Electronics Inc","RMCF0603JT330K","RMCF0603JT330KCT-ND","https://www.digikey.com/en/products/detail/stackpole-electronics-inc/RMCF0603JT330K/1758050","Digikey"
"R17,R20,R23,R25,R27,R28,R32","49.9","~","Resistor_SMD:R_0603_1608Metric","RES SMD 49.9 OHM 1% 1/10W 0603","Panasonic Electronic Components","ERJ-3EKF49R9V","P49.9HCT-ND","https://www.digikey.com/en/products/detail/panasonic-electronic-components/ERJ-3EKF49R9V/196378","Digikey"
"R16","9k","~","Resistor_SMD:R_0603_1608Metric","RES 8.98K OHM 0.1% 1/10W 0603","YAGEO","RT0603BRD078K98L","13-RT0603BRD078K98LCT-ND","https://www.digikey.com/en/products/detail/yageo/RT0603BRD078K98L/17018203","Digikey"
"R15,R24,R26,R31","10k","~","Resistor_SMD:R_0402_1005Metric,Resistor_SMD:R_0603_1608Metric","RES 10K OHM 5% 1/16W 0402,RES SMD 10K OHM 1% 1/10W 0603","TE Connectivity Passive Product,YAGEO","CRG0603F10K/10,RC0402JR-0710KL","311-10KJRCT-ND,A121523CT-ND","https://www.digikey.com/en/products/detail/te-connectivity-passive-product/CRG0603F10K-10/2390661,https://www.digikey.com/en/products/detail/yageo/RC0402JR-0710KL/726418","Digikey"
"R13","(DNI)","~","Resistor_SMD:R_0805_2012Metric","Resistor","","","","","Digikey"
"R12","100","~","Resistor_SMD:R_0603_1608Metric","RES 100 OHM 5% 1/10W 0603","Stackpole Electronics Inc","RMCF0603JT100R","RMCF0603JT100RCT-ND","https://www.digikey.com/en/products/detail/stackpole-electronics-inc/RMCF0603JT100R/1758101","Digikey"
"R10,R11","49.9k","~","Resistor_SMD:R_0603_1608Metric","RES 49.9K OHM 1% 1/10W 0603","Stackpole Electronics Inc","RMCF0603FT49K9","RMCF0603FT49K9CT-ND","https://www.digikey.com/en/products/detail/stackpole-electronics-inc/RMCF0603FT49K9/1760907","Digikey"
"R9","5k","~","Resistor_SMD:R_0603_1608Metric","RES SMD 5K OHM 0.1% 0.15W 0603","Vishay Dale Thin Film","PNM0603E5001BST5","PNM0603-5.0KBCT-ND","https://www.digikey.com/en/products/detail/vishay-dale-thin-film/PNM0603E5001BST5/2120321","Digikey"
"R8,R22","20k","~","Resistor_SMD:R_0603_1608Metric","RES 20K OHM 1% 1/10W 0603","Stackpole Electronics Inc","RMCF0603FT20K0","RMCF0603FT20K0CT-ND","https://www.digikey.com/en/products/detail/stackpole-electronics-inc/RMCF0603FT20K0/1760829","Digikey"
"R7","15k","~","Resistor_SMD:R_0603_1608Metric","RES SMD 15K OHM 1% 1/10W 0603","TE Connectivity Passive Product","CRG0603F15K","A121558CT-ND","https://www.digikey.com/en/products/detail/te-connectivity-passive-product/CRG0603F15K/2380725","Digikey"
"R6","0.1","~","Resistor_SMD:R_0805_2012Metric","RES 0.1 OHM 1% 1/4W 0805","Vishay Dale","RCWE0805R100FKEA","541-2727-1-ND","https://www.digikey.com/en/products/detail/vishay-dale/RCWE0805R100FKEA/5773561","Digikey"
"R5","180","~","Resistor_SMD:R_0603_1608Metric","RES 180 OHM 1% 1/10W 0603","TE Connectivity Passive Product","CRGCQ0603F180R","A129679CT-ND","https://www.digikey.com/en/products/detail/te-connectivity-passive-product/CRGCQ0603F180R/8576281","Digikey"
"R4,R35","1k","~","Resistor_SMD:R_0603_1608Metric","RES 1K OHM 1% 1/10W 0603","Stackpole Electronics Inc","RMCF0603FT1K00","RMCF0603FT1K00CT-ND","https://www.digikey.com/en/products/detail/stackpole-electronics-inc/RMCF0603FT1K00/1761077","Digikey"
"R3","1.74k","~","Resistor_SMD:R_0603_1608Metric","RES 1.74K OHM 1% 1/10W 0603","Stackpole Electronics Inc","RMCF0603FT1K74","RMCF0603FT1K74CT-ND","https://www.digikey.com/en/products/detail/stackpole-electronics-inc/RMCF0603FT1K74/1713514","Digikey"
"R2,R14","10","~","Resistor_SMD:R_0805_2012Metric,Resistor_SMD:R_1206_3216Metric","RES 10 OHM 1% 1/4W 1206,RES 10 OHM 5% 1/8W 0805","Stackpole Electronics Inc","RMCF0805JT10R0,RMCF1206FT10R0","RMCF0805JT10R0CT-ND,RMCF1206FT10R0CT-ND","https://www.digikey.com/en/products/detail/stackpole-electronics-inc/RMCF0805JT10R0/1757791,https://www.digikey.com/en/products/detail/stackpole-electronics-inc/RMCF1206FT10R0/1759594","Digikey"
"R1","50k","~","Resistor_SMD:R_0603_1608Metric","RES SMD 50K OHM 0.02% 1/10W 0603","Vishay Dale","TNPU060350K0HZEN00","541-3312-1-ND","https://www.digikey.com/en/products/detail/vishay-dale/TNPU060350K0HZEN00/6615947","Digikey"
"Q1","ISP281D","ISP281D","ISOCOM:ISP281D_ISO","OPTOISO 3.75KV 1CH TRANS 4-SOP","Isocom Components 2004 LTD","ISP281D","58-ISP281DCT-ND","https://www.digikey.com/en/products/detail/isocom-components-2004-ltd/ISP281D/13160281?s=N4IgTCBcDaIKwA4C0BJAygBTAgjAEQGEAVJAOTxAF0BfIA","Digikey"
"P_OUT1","RF2-49B-T-00-50-G-HDW","RF2-49B-T-00-50-G-HDW","Adam_Tech:CONN_RF2-49B-T-00-50-G-HDW_ADM","RF SMA CONNECTOR","Adam Tech","RF2-49B-T-00-50-G-HDW","2057-RF2-49B-T-00-50-G-HDW-ND","https://www.digikey.com/en/products/detail/adam-tech/RF2-49B-T-00-50-G-HDW/9831420?s=N4IgTCBcDa4AwFYDsBaASgMTCgLATgCEUAVFOOFBCgcRQAkARAdRQDkGQBdAXyA","Digikey"
"P1,P2","1-1123824-1","1-1123824-1","TE_Connectivity:conn1_1-1123824-1_TEC","CONN HEADER VERT 1POS","TE Connectivity AMP Connectors","1-1123824-1","A30708-ND","https://www.digikey.com/en/products/detail/te-connectivity-amp-connectors/1-1123824-1/686939?s=N4IgTCBcDaIIIGYAMB2JAOAtAOQCIgF0BfIA","Digikey"
"M1,M2,M3,M4","SSM3K15AFS_LF","SSM3K15AFS_LF","Toshiba_Semi:SSM_TOS","MOSFET N-CH 30V 100MA SSM","Toshiba Semiconductor and Storage","SSM3K15AFS,LF","SSM3K15AFSLFCT-ND","https://www.digikey.com/en/products/detail/toshiba-semiconductor-and-storage/SSM3K15AFS-LF/3522373?s=N4IgTCBcDaIMpwLIGYDSBGArAQQGJwBlcBhAFQFoA5AERAF0BfIA","Digikey"
"LED1","150060AS75000","150060AS75000","Wurth_Elektronik:LED_0AS75000_WRE","LED AMBER CLEAR 0603 SMD","Würth Elektronik","150060AS75000","732-150060AS75000CT-ND","https://www.digikey.com/en/products/detail/w%C3%BCrth-elektronik/150060AS75000/10468254?s=N4IgTCBcDaIOwGYwFoCMBWADJgbJgggMpxbYDCAKsgHIAiIAugL5A","Digikey"
"L4,L5","1.5uH","","CoilCraft:MLC1538-","Inductor","Coilcraft","MLC1538-152MLC","MLC1538-152MLC","https://www.coilcraft.com/en-us/products/power/shielded-inductors/high-current-flat-wire/mlc/mlc15xx/mlc1538-152/","Coilcraft"
"L2,L3","1.4uH","https://www.coilcraft.com/getmedia/08a7f2b0-e792-46ca-b029-cc31a7057165/mlc75xx.pdf,~","CoilCraft:MLC7542-311MEC","Inductor","Coilcraft","MLC7540-142MEC","MLC7540-142MEC","https://www.coilcraft.com/en-us/products/power/shielded-inductors/high-current-flat-wire/mlc/mlc75xx/mlc7540-142/","Coilcraft"
"L1","MSD1514-472MED","https://www.coilcraft.com/getmedia/6e65b49b-dcae-439f-90d9-4e0b2b895835/msd1514.pdf","CoilCraft:MSD1260T-105","","Coilcraft","MSD1514-472MED","MSD1514-472MED","https://www.coilcraft.com/en-us/products/power/coupled-inductors/1-1-shielded-coupled/msd/msd1514/msd1514-472/","Coilcraft"
"J3","618009231121","https://www.we-online.com/redexpert/spec/618009231121?ae","Wurth_Elektronik:618009231121","SOCKET, D SUB, PCB, R/A, 9WAY; No. of Contacts:9Contacts; Gender:Receptacle; Contact Termination Type:Solder; D Sub Shell Size:DE; Product Range:WR-DSUB Series; Connector Body Material:Steel Body; Contact Material:Copper Alloy; Contact Plating:Gold Plated Contacts; SVHC:Lead (15-Jan-2019); Connector Mounting:Through Hole Mount Right Angle; Contact Termination:Solder; D Sub Connector Type:Standard; No. of Mating Cycles:50","Würth Elektronik","618009231121","732-618009231121-ND","https://www.digikey.com/en/products/detail/w%C3%BCrth-elektronik/618009231121/10484687?s=N4IgTCBcDaIGwEYAcAGFBOMBmBCwJAF0BfIA","Digikey"
"J1,J2","618009231221","https://www.we-online.com/redexpert/spec/618009231221?ae","Wurth_Elektronik:618009231221","09 pins, right angled, 8.08mm, with hex screw","Würth Elektronik","618009231221","732-618009231221-ND","https://www.digikey.com/en/products/detail/w%C3%BCrth-elektronik/618009231221/10484658?s=N4IgTCBcDaIGwEYAcAGFBOMBmBYwJAF0BfIA","Digikey"
"F2","Fuse","~","Resistor_SMD:R_0603_1608Metric","Fuse","Coilcraft","MLC1538-152MLC","MLC1538-152MLC","https://www.coilcraft.com/en-us/products/power/shielded-inductors/high-current-flat-wire/mlc/mlc15xx/mlc1538-152/","Coilcraft"
"F1","0685T6000-01","https://belfuse.com/media/datasheets/products/circuit-protection/ds-cp-c1t-series.pdf","Bel_Fuse_Inc:FUSC3215X83N","FUSE BRD MNT 6A 63VAC 63VDC 1206","Bel Fuse Inc.","0685T6000-01","5923-0685T6000-01CT-ND","https://www.digikey.com/en/products/detail/bel-fuse-inc/0685T6000-01/8732832?s=N4IgTCBcDaIAwDYAcBWAKguWC0cCMIAugL5A","Digikey"
"D1","PLVA653A_215","https://assets.nexperia.com/documents/data-sheet/PLVA6XXA_SER.pdf","Nexperia:SOT95P230X110-3N","DIODE ZENER 5.3V 250MW TO236AB","Nexperia USA Inc.","PLVA653A,215","1727-5168-1-ND","https://www.digikey.com/en/products/detail/nexperia-usa-inc/PLVA653A-215/1157604?s=N4IgTCBcDaIIwHYwILQFY4DYAcK4oDkAREAXQF8g","Digikey"
"CY1,CY2,CY3,CY4","4700pF","~","Capacitor_SMD:C_1206_3216Metric","CAP CER 4700PF 50V X7R 1206","KEMET","C1206C472K5RACTU","399-C1206C472K5RACTUCT-ND","https://www.digikey.com/en/products/detail/kemet/C1206C472K5RACTU/411229","Digikey"
"C25","2.2uF","~","Capacitor_Tantalum_SMD:CP_EIA-3216-12_Kemet-S","Polarized capacitor, US symbol","KEMET","T491A225K010AT","399-3690-1-ND","https://www.digikey.com/en/products/detail/kemet/T491A225K010AT/818551","Digikey"
"C13","10uF","~","Capacitor_Tantalum_SMD:CP_EIA-3216-12_Kemet-S","Polarized capacitor, US symbol","KEMET","","","",""
"C6,C7,C16,C18","0.01uF","~","Capacitor_SMD:C_0603_1608Metric","Unpolarized capacitor, small symbol","KEMET","C0603C103K5RACTU","399-C0603C103K5RACTUCT-ND","https://www.digikey.com/en/products/detail/kemet/C0603C103K5RACTU/411090?s=N4IgTCBcDaIMIAYBsCDMcCMaDSBWASgIJwAqAqiALoC%2BQA","Digikey"
"C5,C8,C9,C15,C17,C19,C21,C23,C24,C27,C31,C33,C34","0.1uF","~","Capacitor_SMD:C_0402_1005Metric,Capacitor_SMD:C_0603_1608Metric","Unpolarized capacitor, small symbol","KEMET","C0603C104K5RACTU","399-C0603C104K5RACTUCT-ND","https://www.digikey.com/en/products/detail/kemet/C0603C104K5RACTU/1465594?s=N4IgTCBcDaIMwE4EFoDCAGAbOuqCM6ALANICsASgIKoAqAqrcgHIAiIAugL5A","Digikey"
"C4,C10,C14,C20,C22,C26,C28,C29,C30,C32","1uF","~","Capacitor_SMD:C_0402_1005Metric,Capacitor_SMD:C_0603_1608Metric,Capacitor_Tantalum_SMD:CP_EIA-2012-12_Kemet-R","1 µF Molded Tantalum Capacitors 16 V 0805 (2012 Metric) 12Ohm,Unpolarized capacitor, small symbol","KEMET,KYOCERA AVX","C0402C105K9PAC7411,C0603C105K4RACTU,F921C105MPA","399-C0402C105K9PAC7411CT-ND,399-C0603C105K4RACTUCT-ND,478-8126-1-ND","https://www.digikey.com/en/products/detail/kemet/C0402C105K9PAC7411/18116962,https://www.digikey.com/en/products/detail/kemet/C0603C105K4RACTU/2199788,https://www.digikey.com/en/products/detail/kyocera-avx/F921C105MPA/4004989?s=N4IgTCBcDaIGIE4wEYDCyAMBWAsgBQEEQBdAXyA","Digikey"
"C3","250uF","~","Capacitor_Tantalum_SMD:CP_EIA-6032-15_Kemet-U","CAP TANT 150UF 10% 10V 2312","KYOCERA AVX","TPSC157K010R0150","478-13157-1-ND","https://www.digikey.com/en/products/detail/kyocera-avx/TPSC157K010R0150/9948491?s=N4IgTCBcDaICwHYAcBaAjAZjQVgelAcgCIgC6AvkA","Digikey"
"C2,C11","50uF","~","Capacitor_Tantalum_SMD:CP_EIA-6032-15_Kemet-U","CAP TANT 33UF 10% 25V 2312","KYOCERA AVX","TAJC336K025RNJ","478-TAJC336K025RNJCT-ND","https://www.digikey.com/en/products/detail/kyocera-avx/TAJC336K025RNJ/11249193?s=N4IgTCBcDaICwHYAcBaAKgQQFIGEDMeAbANIAMYArAEoByuaKNAIiALoC%2BQA","Digikey"
"C1,C12","100uF","https://datasheets.kyocera-avx.com/TAJ.pdf,~","Capacitor_Tantalum_SMD:CP_EIA-6032-15_Kemet-U,Capacitor_Tantalum_SMD:CP_EIA-7343-20_Kemet-V","CAP TANT 100UF 10% 20V 2917,Polarized capacitor, US symbol","KEMET,KYOCERA AVX","T491A106K010AT,TAJD107K020RNJ","399-3684-1-ND,478-1724-1-ND","https://www.digikey.com/en/products/detail/kemet/T491A106K010AT/818545,https://www.digikey.com/en/products/detail/kyocera-avx/TAJD107K020RNJ/563829?s=N4IgTCBcDaICwHYAcBaAjAsd0oHIBEQBdAXyA","Digikey"
"+3.3V1,+12V1,+12V_{RTN}1,SEC_{RTN}1,TELEM_{RTN}1,V_TELEM_IN1,V_TELEM_{5V}1,V_TELEM_{RTN}1,V_{EN}1","TestPoint","https://www.keyelco.com/userAssets/file/M65p56.pdf","TestPoint:TestPoint_Keystone_5005-5009_Compact","PC TEST POINT COMPACT YELLOW","Keystone Electronics","5009","36-5009-ND","https://www.digikey.com/en/products/detail/keystone-electronics/5009/362671","Digikey"
